{"SNR2": {"best": 0.10833333333333334, "mean": 0.17424305555555566, "time": 0.12563946437439882, "loss": 31563.87646484375}, "SNR4": {"best": 0.06111111111111111, "mean": 0.1267013888888888, "time": 0.14904709855094553, "loss": 20989.4265625}, "SNR6": {"best": 0.019444444444444445, "mean": 0.0704097222222222, "time": 0.3034737966873217, "loss": 14283.99041015625}, "SNR8": {"best": 0.0, "mean": 0.013437500000000031, "time": 0.600688355807215, "loss": 9997.12671875}, "SNR10": {"best": 0.0, "mean": 0.0010833333333333311, "time": 0.24594024288235233, "loss": 6470.21123046875}, "SNR12": {"best": 0.0, "mean": 4.1666666666666665e-05, "time": 0.245636217383435, "loss": 4096.84439453125}}